ele_m,area_m2
18.1,15
18.200000000000003,239
18.3,369
18.400000000000002,481
18.5,592
18.6,779
18.700000000000003,1137
18.8,1497
18.900000000000002,2019
19,2663
19.1,2917
19.200000000000003,3133
19.3,3406
19.400000000000002,3791
19.5,4132
19.6,4439
19.700000000000003,4743
19.8,5118
19.900000000000002,5272
20,5368
20.1,5460
20.200000000000003,5521
20.3,5584
20.400000000000002,5602
20.5,5602
20.6,5602
20.700000000000003,5602
20.8,5602
20.900000000000002,5602
21,5602
21.1,5602
